RiderID,RiderName,Email,Phone,City,MembershipTier,SignupDate
OLA-CUST-0001,Sai Kapoor,sai.kapoor1@example.com,9840631598,Kolkata,Regular,2023-09-09
OLA-CUST-0002,Rahul Reddy,rahul.reddy2@example.com,9951083590,Ahmedabad,Regular,2023-11-16
OLA-CUST-0003,Sai Bose,sai.bose3@example.com,9666450661,Hyderabad,Regular,2021-01-29
OLA-CUST-0004,Diya Pillai,diya.pillai4@example.com,9559766715,Mumbai,Ola Select,2022-04-21
OLA-CUST-0005,Divya Iyer,divya.iyer5@example.com,9845089342,Bengaluru,Regular,2023-04-14
OLA-CUST-0006,Riya Rao,riya.rao6@example.com,9136582440,Pune,Regular,2021-08-26
OLA-CUST-0007,Rohan Joshi,rohan.joshi7@example.com,9124936746,Delhi,Regular,2021-07-01
OLA-CUST-0008,Vihaan Sharma,vihaan.sharma8@example.com,9586542051,Delhi,Regular,2022-12-04
OLA-CUST-0009,Saanvi Menon,saanvi.menon9@example.com,9262239803,Delhi,Regular,2023-08-21
OLA-CUST-0010,Sanjay Iyer,sanjay.iyer10@example.com,9180126199,Hyderabad,Regular,2024-09-09
OLA-CUST-0011,Neha Pillai,neha.pillai11@example.com,9883571018,Mumbai,Ola Select,2023-09-03
OLA-CUST-0012,Navya Malhotra,navya.malhotra12@example.com,9315907387,Pune,Regular,2024-01-03
OLA-CUST-0013,Aadhya Chatterjee,aadhya.chatterjee13@example.com,9492152570,Ahmedabad,Regular,2022-10-14
OLA-CUST-0014,Myra Malhotra,myra.malhotra14@example.com,9385298189,Bengaluru,Regular,2021-11-22
OLA-CUST-0015,Nikhil Menon,nikhil.menon15@example.com,9103040827,Ahmedabad,Ola Select,2024-05-12
OLA-CUST-0016,Priya Bose,priya.bose16@example.com,9338406143,Kochi,Regular,2024-02-14
OLA-CUST-0017,Riya Singh,riya.singh17@example.com,9294000833,Delhi,Regular,2022-11-12
OLA-CUST-0018,Diya Chauhan,diya.chauhan18@example.com,9429224228,Hyderabad,Ola Select,2021-05-15
OLA-CUST-0019,Divya Patel,divya.patel19@example.com,9934317354,Kolkata,Regular,2024-10-31
OLA-CUST-0020,Vivaan Bose,vivaan.bose20@example.com,9806500900,Hyderabad,Regular,2021-12-01
OLA-CUST-0021,Priya Pillai,priya.pillai21@example.com,9115314528,Pune,Regular,2023-02-09
OLA-CUST-0022,Karan Iyer,karan.iyer22@example.com,9364003058,Delhi,Regular,2023-06-19
OLA-CUST-0023,Pooja Kapoor,pooja.kapoor23@example.com,9930986646,Ahmedabad,Ola Select,2022-08-13
OLA-CUST-0024,Vivaan Nair,vivaan.nair24@example.com,9806979800,Chennai,Ola Select,2022-05-25
OLA-CUST-0025,Sai Malhotra,sai.malhotra25@example.com,9174572727,Pune,Regular,2021-10-27
OLA-CUST-0026,Arjun Menon,arjun.menon26@example.com,9153045111,Chennai,Ola Select,2024-08-24
OLA-CUST-0027,Anika Menon,anika.menon27@example.com,9130386276,Hyderabad,Regular,2023-01-20
OLA-CUST-0028,Pooja Kumar,pooja.kumar28@example.com,9495951347,Kochi,Regular,2023-09-20
OLA-CUST-0029,Pari Menon,pari.menon29@example.com,9430688083,Delhi,Regular,2022-07-20
OLA-CUST-0030,Arjun Sharma,arjun.sharma30@example.com,9510562259,Delhi,Regular,2021-02-18
OLA-CUST-0031,Krishna Pillai,krishna.pillai31@example.com,9450222006,Hyderabad,Regular,2024-04-11
OLA-CUST-0032,Aadhya Nair,aadhya.nair32@example.com,9833522351,Kolkata,Regular,2021-10-11
OLA-CUST-0033,Arjun Kumar,arjun.kumar33@example.com,9201832737,Kolkata,Ola Select,2021-02-21
OLA-CUST-0034,Rohan Rao,rohan.rao34@example.com,9944116907,Delhi,Ola Select,2021-09-01
OLA-CUST-0035,Rohan Chatterjee,rohan.chatterjee35@example.com,9235858450,Chennai,Regular,2022-10-27
OLA-CUST-0036,Saanvi Menon,saanvi.menon36@example.com,9335802209,Kochi,Regular,2022-01-12
OLA-CUST-0037,Sanjay Malhotra,sanjay.malhotra37@example.com,9316488814,Jaipur,Regular,2024-05-21
OLA-CUST-0038,Nikhil Bose,nikhil.bose38@example.com,9900541233,Bengaluru,Regular,2021-01-17
OLA-CUST-0039,Saanvi Rao,saanvi.rao39@example.com,9168173398,Kolkata,Regular,2021-12-26
OLA-CUST-0040,Sanjay Iyer,sanjay.iyer40@example.com,9371555694,Kochi,Regular,2021-03-27
OLA-CUST-0041,Ayaan Malhotra,ayaan.malhotra41@example.com,9267689993,Chennai,Regular,2022-08-28
OLA-CUST-0042,Rahul Bose,rahul.bose42@example.com,9962293629,Jaipur,Regular,2024-03-19
OLA-CUST-0043,Vihaan Das,vihaan.das43@example.com,9745511615,Bengaluru,Regular,2022-10-26
OLA-CUST-0044,Anika Chatterjee,anika.chatterjee44@example.com,9413123068,Kochi,Regular,2024-02-23
OLA-CUST-0045,Reyansh Gupta,reyansh.gupta45@example.com,9761918019,Pune,Regular,2022-12-29
OLA-CUST-0046,Aditya Agarwal,aditya.agarwal46@example.com,9806478730,Kolkata,Ola Select,2021-06-05
OLA-CUST-0047,Rohan Gupta,rohan.gupta47@example.com,9772749810,Ahmedabad,Regular,2021-02-10
OLA-CUST-0048,Karan Rao,karan.rao48@example.com,9605603664,Jaipur,Regular,2023-04-03
OLA-CUST-0049,Aditya Iyer,aditya.iyer49@example.com,9126788369,Bengaluru,Regular,2021-03-28
OLA-CUST-0050,Ayaan Nair,ayaan.nair50@example.com,9856106687,Kochi,Regular,2023-05-25
OLA-CUST-0051,Kavya Iyer,kavya.iyer51@example.com,9528357682,Kolkata,Regular,2022-04-12
OLA-CUST-0052,Rohan Gupta,rohan.gupta52@example.com,9140191604,Ahmedabad,Regular,2023-02-03
OLA-CUST-0053,Nikhil Chauhan,nikhil.chauhan53@example.com,9331827739,Ahmedabad,Regular,2024-06-22
OLA-CUST-0054,Karan Chauhan,karan.chauhan54@example.com,9850573416,Chennai,Regular,2023-10-19
OLA-CUST-0055,Saanvi Chatterjee,saanvi.chatterjee55@example.com,9760039557,Kolkata,Regular,2021-01-14
OLA-CUST-0056,Sai Agarwal,sai.agarwal56@example.com,9316934731,Chennai,Regular,2021-10-25
OLA-CUST-0057,Aditya Das,aditya.das57@example.com,9288246867,Mumbai,Regular,2024-06-23
OLA-CUST-0058,Saanvi Rao,saanvi.rao58@example.com,9216198486,Delhi,Regular,2022-02-26
OLA-CUST-0059,Karan Agarwal,karan.agarwal59@example.com,9499405270,Kochi,Regular,2022-06-19
OLA-CUST-0060,Aditya Sharma,aditya.sharma60@example.com,9445864963,Jaipur,Regular,2021-11-11
OLA-CUST-0061,Meera Bose,meera.bose61@example.com,9314620632,Hyderabad,Regular,2022-07-23
OLA-CUST-0062,Nikhil Malhotra,nikhil.malhotra62@example.com,9268753180,Kolkata,Regular,2023-06-14
OLA-CUST-0063,Kavya Chauhan,kavya.chauhan63@example.com,9814848544,Chennai,Regular,2024-09-29
OLA-CUST-0064,Saanvi Chauhan,saanvi.chauhan64@example.com,9392489182,Mumbai,Regular,2022-03-17
OLA-CUST-0065,Vivaan Joshi,vivaan.joshi65@example.com,9970195979,Pune,Ola Select,2023-10-24
OLA-CUST-0066,Pari Verma,pari.verma66@example.com,9527512246,Kochi,Regular,2023-07-10
OLA-CUST-0067,Ayaan Sharma,ayaan.sharma67@example.com,9684549967,Delhi,Ola Select,2022-09-25
OLA-CUST-0068,Reyansh Rao,reyansh.rao68@example.com,9497899915,Bengaluru,Regular,2021-10-04
OLA-CUST-0069,Pari Kapoor,pari.kapoor69@example.com,9668455601,Bengaluru,Regular,2023-05-05
OLA-CUST-0070,Saanvi Das,saanvi.das70@example.com,9362340059,Hyderabad,Regular,2024-04-12
OLA-CUST-0071,Divya Rao,divya.rao71@example.com,9950077735,Bengaluru,Regular,2021-05-30
OLA-CUST-0072,Aditya Kapoor,aditya.kapoor72@example.com,9994122567,Hyderabad,Regular,2023-10-16
OLA-CUST-0073,Rahul Bose,rahul.bose73@example.com,9751245942,Jaipur,Regular,2023-08-23
OLA-CUST-0074,Karan Agarwal,karan.agarwal74@example.com,9263967401,Chennai,Regular,2022-08-13
OLA-CUST-0075,Ishaan Sharma,ishaan.sharma75@example.com,9966481377,Mumbai,Regular,2022-01-17
OLA-CUST-0076,Anika Singh,anika.singh76@example.com,9828006790,Hyderabad,Regular,2022-12-23
OLA-CUST-0077,Vivaan Patel,vivaan.patel77@example.com,9139887029,Kochi,Regular,2024-10-26
OLA-CUST-0078,Pooja Malhotra,pooja.malhotra78@example.com,9269852132,Bengaluru,Ola Select,2023-01-05
OLA-CUST-0079,Navya Nair,navya.nair79@example.com,9538535258,Hyderabad,Regular,2023-12-11
OLA-CUST-0080,Aadhya Gupta,aadhya.gupta80@example.com,9448532693,Hyderabad,Regular,2021-03-24
OLA-CUST-0081,Priya Joshi,priya.joshi81@example.com,9751414903,Jaipur,Regular,2024-08-09
OLA-CUST-0082,Sai Sharma,sai.sharma82@example.com,9861959583,Pune,Regular,2021-11-28
OLA-CUST-0083,Sanjay Rao,sanjay.rao83@example.com,9966229694,Bengaluru,Regular,2024-10-23
OLA-CUST-0084,Vivaan Reddy,vivaan.reddy84@example.com,9831136142,Kochi,Regular,2021-08-17
OLA-CUST-0085,Ishaan Malhotra,ishaan.malhotra85@example.com,9325646226,Ahmedabad,Regular,2023-01-22
OLA-CUST-0086,Aarav Joshi,aarav.joshi86@example.com,9286134329,Kochi,Regular,2021-02-21
OLA-CUST-0087,Neha Malhotra,neha.malhotra87@example.com,9794560523,Delhi,Regular,2024-01-04
OLA-CUST-0088,Anika Kapoor,anika.kapoor88@example.com,9322082404,Hyderabad,Regular,2024-02-11
OLA-CUST-0089,Ishaan Rao,ishaan.rao89@example.com,9894527996,Pune,Regular,2022-05-07
OLA-CUST-0090,Saanvi Chauhan,saanvi.chauhan90@example.com,9291411565,Pune,Regular,2023-01-12
OLA-CUST-0091,Pari Kumar,pari.kumar91@example.com,9128989763,Kolkata,Regular,2021-02-23
OLA-CUST-0092,Karan Reddy,karan.reddy92@example.com,9896442428,Mumbai,Regular,2023-12-27
OLA-CUST-0093,Anika Joshi,anika.joshi93@example.com,9651834188,Chennai,Ola Select,2022-05-07
OLA-CUST-0094,Karan Kapoor,karan.kapoor94@example.com,9758859957,Ahmedabad,Regular,2022-01-26
OLA-CUST-0095,Rohan Reddy,rohan.reddy95@example.com,9371604801,Delhi,Regular,2023-02-14
OLA-CUST-0096,Ayaan Menon,ayaan.menon96@example.com,9612390305,Chennai,Ola Select,2023-07-29
OLA-CUST-0097,Reyansh Verma,reyansh.verma97@example.com,9947369796,Pune,Regular,2022-09-11
OLA-CUST-0098,Priya Kumar,priya.kumar98@example.com,9884727680,Hyderabad,Regular,2023-02-11
OLA-CUST-0099,Arjun Malhotra,arjun.malhotra99@example.com,9135163092,Bengaluru,Regular,2024-04-05
OLA-CUST-0100,Ishaan Pillai,ishaan.pillai100@example.com,9993805990,Ahmedabad,Regular,2022-04-11
OLA-CUST-0101,Sanjay Das,sanjay.das101@example.com,9972283237,Ahmedabad,Regular,2021-02-25
OLA-CUST-0102,Diya Kumar,diya.kumar102@example.com,9636692996,Pune,Regular,2023-03-09
OLA-CUST-0103,Pari Rao,pari.rao103@example.com,9742623991,Mumbai,Regular,2021-08-03
OLA-CUST-0104,Diya Nair,diya.nair104@example.com,9888402254,Ahmedabad,Regular,2022-02-12
OLA-CUST-0105,Riya Agarwal,riya.agarwal105@example.com,9182915487,Chennai,Regular,2021-09-24
OLA-CUST-0106,Arjun Nair,arjun.nair106@example.com,9211906631,Kochi,Regular,2022-03-23
OLA-CUST-0107,Anika Reddy,anika.reddy107@example.com,9243785636,Ahmedabad,Regular,2023-10-12
OLA-CUST-0108,Reyansh Verma,reyansh.verma108@example.com,9837024950,Pune,Regular,2023-12-07
OLA-CUST-0109,Diya Sharma,diya.sharma109@example.com,9307507622,Delhi,Regular,2022-06-22
OLA-CUST-0110,Nikhil Kapoor,nikhil.kapoor110@example.com,9164893327,Mumbai,Regular,2024-05-17
OLA-CUST-0111,Rohan Bose,rohan.bose111@example.com,9122716050,Hyderabad,Regular,2023-06-28
OLA-CUST-0112,Myra Bose,myra.bose112@example.com,9677165230,Jaipur,Regular,2024-07-26
OLA-CUST-0113,Aarav Joshi,aarav.joshi113@example.com,9253146791,Pune,Regular,2023-06-28
OLA-CUST-0114,Rohan Rao,rohan.rao114@example.com,9872003455,Jaipur,Regular,2023-06-19
OLA-CUST-0115,Pooja Iyer,pooja.iyer115@example.com,9121342267,Ahmedabad,Regular,2024-04-16
OLA-CUST-0116,Meera Pillai,meera.pillai116@example.com,9904386186,Mumbai,Regular,2021-11-13
OLA-CUST-0117,Sai Sharma,sai.sharma117@example.com,9958024389,Chennai,Regular,2022-11-04
OLA-CUST-0118,Ishaan Reddy,ishaan.reddy118@example.com,9151676898,Ahmedabad,Regular,2021-11-07
OLA-CUST-0119,Aarav Chauhan,aarav.chauhan119@example.com,9269722347,Delhi,Regular,2021-08-17
OLA-CUST-0120,Sai Das,sai.das120@example.com,9790819516,Mumbai,Regular,2021-09-08
OLA-CUST-0121,Neha Singh,neha.singh121@example.com,9318137991,Hyderabad,Regular,2021-06-24
OLA-CUST-0122,Neha Iyer,neha.iyer122@example.com,9335768036,Kochi,Regular,2022-05-17
OLA-CUST-0123,Reyansh Kapoor,reyansh.kapoor123@example.com,9719260083,Jaipur,Regular,2021-01-19
OLA-CUST-0124,Saanvi Chatterjee,saanvi.chatterjee124@example.com,9441600767,Pune,Regular,2023-05-06
OLA-CUST-0125,Vivaan Pillai,vivaan.pillai125@example.com,9635178308,Bengaluru,Regular,2024-04-02
OLA-CUST-0126,Myra Patel,myra.patel126@example.com,9140745307,Mumbai,Regular,2022-06-11
OLA-CUST-0127,Neha Menon,neha.menon127@example.com,9872778961,Chennai,Regular,2021-12-02
OLA-CUST-0128,Ishaan Agarwal,ishaan.agarwal128@example.com,9498449017,Ahmedabad,Regular,2023-03-09
OLA-CUST-0129,Divya Chatterjee,divya.chatterjee129@example.com,9157353512,Mumbai,Regular,2021-07-05
OLA-CUST-0130,Myra Agarwal,myra.agarwal130@example.com,9981123256,Delhi,Regular,2021-11-02
OLA-CUST-0131,Ishaan Chatterjee,ishaan.chatterjee131@example.com,9519262091,Mumbai,Regular,2024-10-18
OLA-CUST-0132,Kavya Iyer,kavya.iyer132@example.com,9152690586,Pune,Regular,2023-05-21
OLA-CUST-0133,Anika Singh,anika.singh133@example.com,9773996018,Ahmedabad,Regular,2023-01-16
OLA-CUST-0134,Priya Reddy,priya.reddy134@example.com,9150168744,Ahmedabad,Regular,2024-05-30
OLA-CUST-0135,Ananya Kapoor,ananya.kapoor135@example.com,9300300359,Bengaluru,Regular,2022-02-15
OLA-CUST-0136,Sai Verma,sai.verma136@example.com,9333710611,Hyderabad,Regular,2022-11-21
OLA-CUST-0137,Aarav Iyer,aarav.iyer137@example.com,9798589587,Ahmedabad,Regular,2022-12-28
OLA-CUST-0138,Anika Malhotra,anika.malhotra138@example.com,9303799612,Chennai,Regular,2022-01-07
OLA-CUST-0139,Nikhil Joshi,nikhil.joshi139@example.com,9615523954,Delhi,Regular,2024-08-28
OLA-CUST-0140,Arjun Chatterjee,arjun.chatterjee140@example.com,9829329311,Mumbai,Regular,2022-05-19
OLA-CUST-0141,Priya Chatterjee,priya.chatterjee141@example.com,9451803069,Jaipur,Regular,2021-12-09
OLA-CUST-0142,Priya Malhotra,priya.malhotra142@example.com,9129834891,Kochi,Regular,2022-07-01
OLA-CUST-0143,Reyansh Chauhan,reyansh.chauhan143@example.com,9923242152,Hyderabad,Regular,2021-02-19
OLA-CUST-0144,Meera Reddy,meera.reddy144@example.com,9984096417,Kolkata,Regular,2023-10-20
OLA-CUST-0145,Rohan Bose,rohan.bose145@example.com,9327243537,Delhi,Regular,2023-06-01
OLA-CUST-0146,Saanvi Chatterjee,saanvi.chatterjee146@example.com,9926759416,Delhi,Regular,2021-04-10
OLA-CUST-0147,Arjun Sharma,arjun.sharma147@example.com,9909992399,Mumbai,Regular,2021-08-16
OLA-CUST-0148,Neha Menon,neha.menon148@example.com,9152098609,Mumbai,Regular,2021-08-16
OLA-CUST-0149,Sai Bose,sai.bose149@example.com,9725893799,Chennai,Regular,2022-08-20
OLA-CUST-0150,Aadhya Malhotra,aadhya.malhotra150@example.com,9882255476,Jaipur,Ola Select,2022-12-16
OLA-CUST-0151,Aarav Kapoor,aarav.kapoor151@example.com,9996493678,Chennai,Regular,2022-10-03
OLA-CUST-0152,Meera Nair,meera.nair152@example.com,9474944630,Delhi,Regular,2024-08-27
OLA-CUST-0153,Divya Joshi,divya.joshi153@example.com,9319938765,Delhi,Regular,2022-07-25
OLA-CUST-0154,Pooja Patel,pooja.patel154@example.com,9103899561,Pune,Ola Select,2022-12-10
OLA-CUST-0155,Nikhil Reddy,nikhil.reddy155@example.com,9641836458,Bengaluru,Ola Select,2021-03-01
OLA-CUST-0156,Sai Agarwal,sai.agarwal156@example.com,9715464549,Jaipur,Regular,2021-09-20
OLA-CUST-0157,Sanjay Agarwal,sanjay.agarwal157@example.com,9767486366,Delhi,Regular,2022-02-11
OLA-CUST-0158,Vihaan Patel,vihaan.patel158@example.com,9885918863,Chennai,Regular,2022-10-31
OLA-CUST-0159,Reyansh Malhotra,reyansh.malhotra159@example.com,9512349407,Chennai,Regular,2021-03-26
OLA-CUST-0160,Ayaan Chatterjee,ayaan.chatterjee160@example.com,9444881142,Hyderabad,Regular,2023-06-07
OLA-CUST-0161,Neha Reddy,neha.reddy161@example.com,9189931370,Kochi,Regular,2023-08-09
OLA-CUST-0162,Kavya Patel,kavya.patel162@example.com,9300643081,Kochi,Regular,2021-04-13
OLA-CUST-0163,Meera Malhotra,meera.malhotra163@example.com,9622829596,Mumbai,Regular,2024-02-12
OLA-CUST-0164,Myra Patel,myra.patel164@example.com,9977417904,Jaipur,Regular,2024-06-16
OLA-CUST-0165,Pooja Sharma,pooja.sharma165@example.com,9875852494,Bengaluru,Regular,2023-12-04
OLA-CUST-0166,Arjun Sharma,arjun.sharma166@example.com,9776434761,Mumbai,Regular,2023-06-22
OLA-CUST-0167,Aditya Pillai,aditya.pillai167@example.com,9537515619,Pune,Regular,2023-03-27
OLA-CUST-0168,Pooja Rao,pooja.rao168@example.com,9624545182,Chennai,Regular,2022-09-03
OLA-CUST-0169,Rohan Iyer,rohan.iyer169@example.com,9424089038,Mumbai,Regular,2021-10-19
OLA-CUST-0170,Sai Kapoor,sai.kapoor170@example.com,9801961712,Pune,Regular,2022-12-23
OLA-CUST-0171,Saanvi Das,saanvi.das171@example.com,9899618615,Mumbai,Regular,2023-11-12
OLA-CUST-0172,Vivaan Gupta,vivaan.gupta172@example.com,9788761623,Hyderabad,Regular,2023-08-01
OLA-CUST-0173,Ananya Menon,ananya.menon173@example.com,9412736999,Jaipur,Regular,2024-09-09
OLA-CUST-0174,Navya Menon,navya.menon174@example.com,9400158538,Hyderabad,Regular,2022-10-08
OLA-CUST-0175,Ananya Chauhan,ananya.chauhan175@example.com,9733148191,Ahmedabad,Regular,2022-04-16
OLA-CUST-0176,Rohan Nair,rohan.nair176@example.com,9318613223,Delhi,Regular,2023-12-18
OLA-CUST-0177,Meera Patel,meera.patel177@example.com,9201685543,Delhi,Regular,2023-09-13
OLA-CUST-0178,Aadhya Chauhan,aadhya.chauhan178@example.com,9674482315,Chennai,Regular,2022-06-11
OLA-CUST-0179,Aditya Chauhan,aditya.chauhan179@example.com,9790761902,Mumbai,Regular,2024-02-28
OLA-CUST-0180,Aditya Reddy,aditya.reddy180@example.com,9677477087,Delhi,Regular,2023-11-12
OLA-CUST-0181,Neha Das,neha.das181@example.com,9643572679,Hyderabad,Regular,2023-05-10
OLA-CUST-0182,Karan Malhotra,karan.malhotra182@example.com,9380235740,Kochi,Regular,2023-06-03
OLA-CUST-0183,Reyansh Sharma,reyansh.sharma183@example.com,9863786036,Chennai,Regular,2023-05-06
OLA-CUST-0184,Reyansh Nair,reyansh.nair184@example.com,9874215005,Kolkata,Regular,2024-04-16
OLA-CUST-0185,Priya Iyer,priya.iyer185@example.com,9164073947,Pune,Regular,2022-11-30
OLA-CUST-0186,Anika Kapoor,anika.kapoor186@example.com,9651477002,Bengaluru,Regular,2021-11-25
OLA-CUST-0187,Meera Iyer,meera.iyer187@example.com,9299437491,Mumbai,Regular,2022-04-09
OLA-CUST-0188,Sai Pillai,sai.pillai188@example.com,9285441866,Pune,Regular,2024-10-12
OLA-CUST-0189,Riya Gupta,riya.gupta189@example.com,9136280326,Bengaluru,Regular,2023-09-13
OLA-CUST-0190,Rahul Pillai,rahul.pillai190@example.com,9745300396,Delhi,Regular,2023-03-24
OLA-CUST-0191,Saanvi Chatterjee,saanvi.chatterjee191@example.com,9597946019,Bengaluru,Regular,2021-10-27
OLA-CUST-0192,Sai Pillai,sai.pillai192@example.com,9508068359,Ahmedabad,Regular,2023-02-24
OLA-CUST-0193,Ananya Singh,ananya.singh193@example.com,9821590398,Hyderabad,Regular,2022-01-03
OLA-CUST-0194,Vihaan Singh,vihaan.singh194@example.com,9461565562,Bengaluru,Ola Select,2023-02-20
OLA-CUST-0195,Pooja Agarwal,pooja.agarwal195@example.com,9689606968,Kolkata,Regular,2023-09-05
OLA-CUST-0196,Krishna Gupta,krishna.gupta196@example.com,9971748012,Kolkata,Ola Select,2023-12-10
OLA-CUST-0197,Pari Nair,pari.nair197@example.com,9257818764,Pune,Regular,2021-07-01
OLA-CUST-0198,Ananya Singh,ananya.singh198@example.com,9589947306,Kolkata,Regular,2023-07-14
OLA-CUST-0199,Rahul Menon,rahul.menon199@example.com,9917805584,Chennai,Regular,2021-04-27
OLA-CUST-0200,Aadhya Iyer,aadhya.iyer200@example.com,9791847504,Bengaluru,Regular,2024-03-22
