DriverID,DriverPartnerName,City,ServiceType,VehicleModel,JoinDate,DriverRatingAvg
OLA-DRV-0001,Krishna Iyer,Chennai,Ola Auto,Piaggio Ape,2023-08-20,4.69
OLA-DRV-0002,Aadhya Iyer,Kolkata,Ola Share,Tata Tiago,2022-05-03,4.84
OLA-DRV-0003,Meera Reddy,Pune,Ola Prime SUV,Hyundai Creta,2024-08-28,4.74
OLA-DRV-0004,Karan Rao,Mumbai,Ola Mini,Tata Tiago,2020-10-21,4.5
OLA-DRV-0005,Divya Menon,Ahmedabad,Ola Share,Tata Tiago,2022-10-16,3.99
OLA-DRV-0006,Ayaan Bose,Mumbai,Ola Prime SUV,Mahindra XUV300,2021-05-29,4.32
OLA-DRV-0007,Divya Gupta,Pune,Ola Prime,Skoda Slavia,2022-09-07,4.29
OLA-DRV-0008,Anika Malhotra,Mumbai,Ola Auto,Bajaj RE,2020-11-25,4.71
OLA-DRV-0009,Saanvi Menon,Kolkata,Ola Prime,Honda City,2021-09-11,3.91
OLA-DRV-0010,Reyansh Sharma,Hyderabad,Ola Prime,Honda City,2022-04-15,4.4
OLA-DRV-0011,Riya Reddy,Mumbai,Ola Bike,TVS Jupiter,2021-12-29,4.76
OLA-DRV-0012,Rahul Pillai,Bengaluru,Ola Prime SUV,Kia Seltos,2024-08-27,4.75
OLA-DRV-0013,Ayaan Menon,Kolkata,Ola Auto,Piaggio Ape,2020-10-05,4.06
OLA-DRV-0014,Myra Nair,Bengaluru,Ola Mini,Hyundai Santro,2021-02-17,3.55
OLA-DRV-0015,Myra Das,Kolkata,Ola Bike,TVS Jupiter,2024-05-16,4.2
OLA-DRV-0016,Neha Gupta,Chennai,Ola Bike,Bajaj Pulsar,2024-04-06,3.58
OLA-DRV-0017,Priya Agarwal,Delhi,Ola Prime SUV,Kia Seltos,2020-08-25,3.7
OLA-DRV-0018,Riya Patel,Bengaluru,Ola Bike,TVS Jupiter,2023-04-14,4.77
OLA-DRV-0019,Saanvi Chauhan,Hyderabad,Ola Bike,Honda Activa,2020-11-17,3.89
OLA-DRV-0020,Nikhil Gupta,Pune,Ola Bike,TVS Jupiter,2023-01-28,4.21
OLA-DRV-0021,Divya Nair,Ahmedabad,Ola Mini,Hyundai Santro,2024-07-23,4.78
OLA-DRV-0022,Ayaan Das,Pune,Ola Share,Maruti Alto,2020-06-02,3.74
OLA-DRV-0023,Myra Malhotra,Delhi,Ola Bike,Honda Activa,2023-05-23,3.52
OLA-DRV-0024,Krishna Gupta,Delhi,Ola Prime,Hyundai Verna,2020-08-22,3.71
OLA-DRV-0025,Divya Pillai,Ahmedabad,Ola Prime,Skoda Slavia,2023-12-23,4.75
OLA-DRV-0026,Reyansh Joshi,Pune,Ola Auto,Bajaj RE,2021-03-23,3.7
OLA-DRV-0027,Diya Chatterjee,Chennai,Ola Auto,Piaggio Ape,2022-06-07,4.08
OLA-DRV-0028,Reyansh Chauhan,Pune,Ola Prime,Skoda Slavia,2020-08-07,4.81
OLA-DRV-0029,Krishna Iyer,Chennai,Ola Bike,Bajaj Pulsar,2023-06-16,4.37
OLA-DRV-0030,Aadhya Iyer,Kochi,Ola Share,Tata Tiago,2022-04-26,3.73
OLA-DRV-0031,Aarav Chauhan,Kochi,Ola Mini,Maruti Alto,2022-12-31,3.74
OLA-DRV-0032,Karan Kapoor,Jaipur,Ola Auto,Bajaj RE,2023-04-30,4.15
OLA-DRV-0033,Karan Iyer,Jaipur,Ola Prime,Skoda Slavia,2023-06-19,3.56
OLA-DRV-0034,Myra Singh,Jaipur,Ola Bike,TVS Jupiter,2022-03-16,3.9
OLA-DRV-0035,Divya Singh,Bengaluru,Ola Prime SUV,Hyundai Creta,2021-10-19,3.96
OLA-DRV-0036,Rahul Patel,Pune,Ola Mini,Tata Tiago,2023-01-03,4.59
OLA-DRV-0037,Diya Rao,Kolkata,Ola Prime,Hyundai Verna,2024-04-24,4.73
OLA-DRV-0038,Ayaan Bose,Kochi,Ola Prime,Honda City,2024-06-17,4.42
OLA-DRV-0039,Sanjay Chauhan,Kolkata,Ola Mini,Maruti Alto,2020-11-04,4.03
OLA-DRV-0040,Arjun Rao,Chennai,Ola Bike,Bajaj Pulsar,2023-01-26,4.08
OLA-DRV-0041,Ananya Gupta,Kolkata,Ola Prime,Hyundai Verna,2023-08-14,4.42
OLA-DRV-0042,Ayaan Bose,Pune,Ola Mini,Tata Tiago,2022-02-03,4.52
OLA-DRV-0043,Pooja Agarwal,Bengaluru,Ola Bike,Honda Activa,2024-02-06,4.64
OLA-DRV-0044,Saanvi Chatterjee,Mumbai,Ola Auto,Bajaj RE,2024-04-04,4.58
OLA-DRV-0045,Aditya Sharma,Hyderabad,Ola Prime,Skoda Slavia,2024-03-13,4.89
OLA-DRV-0046,Aditya Chauhan,Kolkata,Ola Share,Maruti Alto,2023-11-26,3.81
OLA-DRV-0047,Kavya Sharma,Mumbai,Ola Bike,Bajaj Pulsar,2023-03-02,4.11
OLA-DRV-0048,Vivaan Kumar,Kolkata,Ola Auto,Bajaj RE,2021-03-10,4.67
OLA-DRV-0049,Sanjay Sharma,Kochi,Ola Mini,Hyundai Santro,2024-01-12,4.6
OLA-DRV-0050,Arjun Reddy,Kochi,Ola Prime SUV,Kia Seltos,2024-09-03,4.98
OLA-DRV-0051,Pooja Bose,Chennai,Ola Mini,Maruti Alto,2022-09-21,4.04
OLA-DRV-0052,Saanvi Gupta,Kochi,Ola Share,Tata Tiago,2024-09-18,4.34
OLA-DRV-0053,Kavya Kapoor,Bengaluru,Ola Prime SUV,Hyundai Creta,2021-08-30,4.97
OLA-DRV-0054,Arjun Chatterjee,Ahmedabad,Ola Auto,Bajaj RE,2022-01-16,4.47
OLA-DRV-0055,Pooja Das,Kolkata,Ola Prime SUV,Kia Seltos,2023-12-14,4.3
OLA-DRV-0056,Aditya Chauhan,Chennai,Ola Mini,Maruti Alto,2023-02-09,3.9
OLA-DRV-0057,Aadhya Singh,Bengaluru,Ola Prime SUV,Mahindra XUV300,2022-04-26,4.33
OLA-DRV-0058,Aadhya Sharma,Delhi,Ola Share,Tata Tiago,2022-05-13,3.69
OLA-DRV-0059,Saanvi Singh,Pune,Ola Prime,Honda City,2021-07-14,3.71
OLA-DRV-0060,Sai Kumar,Kochi,Ola Auto,Piaggio Ape,2023-04-09,3.68
OLA-DRV-0061,Kavya Pillai,Delhi,Ola Bike,Honda Activa,2020-08-14,4.96
OLA-DRV-0062,Diya Gupta,Mumbai,Ola Auto,Piaggio Ape,2022-07-05,4.47
OLA-DRV-0063,Meera Gupta,Pune,Ola Prime,Honda City,2023-10-07,4.25
OLA-DRV-0064,Divya Agarwal,Ahmedabad,Ola Prime,Hyundai Verna,2020-10-07,4.77
OLA-DRV-0065,Sai Kapoor,Kolkata,Ola Prime,Skoda Slavia,2022-09-29,3.53
OLA-DRV-0066,Sanjay Nair,Chennai,Ola Bike,Honda Activa,2022-08-08,4.43
OLA-DRV-0067,Navya Rao,Delhi,Ola Share,Maruti Alto,2020-11-24,4.93
OLA-DRV-0068,Kavya Rao,Ahmedabad,Ola Prime SUV,Mahindra XUV300,2023-08-02,4.93
OLA-DRV-0069,Pooja Chatterjee,Mumbai,Ola Bike,TVS Jupiter,2021-07-23,3.79
OLA-DRV-0070,Rohan Singh,Hyderabad,Ola Mini,Maruti Alto,2024-01-04,4.99
OLA-DRV-0071,Ananya Verma,Mumbai,Ola Auto,Piaggio Ape,2023-05-21,4.27
OLA-DRV-0072,Anika Singh,Chennai,Ola Prime,Skoda Slavia,2022-11-15,3.51
OLA-DRV-0073,Priya Chauhan,Ahmedabad,Ola Share,Maruti Alto,2022-11-12,3.54
OLA-DRV-0074,Rahul Iyer,Jaipur,Ola Bike,TVS Jupiter,2021-07-07,4.16
OLA-DRV-0075,Arjun Nair,Delhi,Ola Prime,Honda City,2021-03-14,3.72
OLA-DRV-0076,Ishaan Joshi,Delhi,Ola Share,Tata Tiago,2023-04-04,4.23
OLA-DRV-0077,Aarav Das,Hyderabad,Ola Mini,Tata Tiago,2023-08-10,4.74
OLA-DRV-0078,Kavya Singh,Delhi,Ola Prime SUV,Hyundai Creta,2022-12-21,3.84
OLA-DRV-0079,Anika Pillai,Ahmedabad,Ola Bike,Honda Activa,2021-02-01,4.05
OLA-DRV-0080,Pari Verma,Bengaluru,Ola Auto,Bajaj RE,2020-06-19,4.49
OLA-DRV-0081,Sai Chatterjee,Chennai,Ola Share,Tata Tiago,2022-04-10,4.4
OLA-DRV-0082,Priya Kumar,Hyderabad,Ola Share,Tata Tiago,2022-03-14,4.5
OLA-DRV-0083,Priya Bose,Pune,Ola Mini,Maruti Alto,2023-10-18,4.64
OLA-DRV-0084,Divya Kapoor,Pune,Ola Auto,Bajaj RE,2023-10-15,4.29
OLA-DRV-0085,Vihaan Agarwal,Bengaluru,Ola Prime SUV,Kia Seltos,2022-12-16,4.2
OLA-DRV-0086,Ishaan Malhotra,Mumbai,Ola Prime,Honda City,2021-09-30,3.54
OLA-DRV-0087,Arjun Gupta,Ahmedabad,Ola Mini,Hyundai Santro,2024-06-01,4.18
OLA-DRV-0088,Pari Chatterjee,Kolkata,Ola Auto,Piaggio Ape,2022-11-01,4.5
OLA-DRV-0089,Rahul Patel,Kochi,Ola Prime,Honda City,2023-08-06,3.8
OLA-DRV-0090,Divya Pillai,Kochi,Ola Mini,Maruti Alto,2023-03-17,4.03
OLA-DRV-0091,Ayaan Gupta,Mumbai,Ola Mini,Tata Tiago,2021-08-31,4.61
OLA-DRV-0092,Saanvi Sharma,Pune,Ola Prime,Skoda Slavia,2024-03-25,4.13
OLA-DRV-0093,Pooja Kumar,Jaipur,Ola Prime,Honda City,2022-12-17,4.15
OLA-DRV-0094,Ayaan Sharma,Delhi,Ola Bike,Honda Activa,2021-01-21,4.96
OLA-DRV-0095,Divya Rao,Mumbai,Ola Mini,Hyundai Santro,2023-03-15,3.57
OLA-DRV-0096,Kavya Sharma,Delhi,Ola Prime SUV,Mahindra XUV300,2021-09-05,4.4
OLA-DRV-0097,Arjun Singh,Jaipur,Ola Share,Tata Tiago,2022-02-11,4.49
OLA-DRV-0098,Anika Menon,Hyderabad,Ola Prime,Honda City,2020-06-13,4.37
OLA-DRV-0099,Aadhya Chatterjee,Kochi,Ola Auto,Piaggio Ape,2022-12-27,4.34
OLA-DRV-0100,Karan Chauhan,Kochi,Ola Bike,TVS Jupiter,2024-02-26,4.74
